{
  "X": [
    [
      102,
      0.5563,
      0.2188
    ],
    [
      110,
      0.5,
      0.5
    ],
    [
      118,
      0.4437,
      0.1062
    ],
    [
      128,
      0.1625,
      0.8375
    ],
    [
      136,
      0.7812,
      0.4437
    ],
    [
      144,
      0.275,
      0.275
    ],
    [
      154,
      0.6687,
      0.7812
    ],
    [
      162,
      0.8375,
      0.1625
    ],
    [
      172,
      0.1062,
      0.6687
    ],
    [
      40,
      0.05,
      0.05
    ],
    [
      48,
      0.8937,
      0.5563
    ],
    [
      58,
      0.6125,
      0.3875
    ],
    [
      66,
      0.3312,
      0.8937
    ],
    [
      76,
      0.725,
      0.725
    ],
    [
      84,
      0.2188,
      0.3312
    ],
    [
      92,
      0.3875,
      0.6125
    ]
  ],
  "Y": [
    0.4432857529943966,
    0.498926322226332,
    0.49632202385260343,
    0.4796102690059223,
    0.5020921036838287,
    0.5004159310246388,
    0.49290291656655866,
    0.47673259584510147,
    0.49078769121647176,
    0.44125857066519963,
    0.4688861381331045,
    0.4628417519589114,
    0.4928196340947349,
    0.48626941324685885,
    0.49547185263370763,
    0.4895869714084283
  ],
  "best": 0.5020921036838287
}